{
  "hash": "b75b2de8",
  "configHash": "97761fd7",
  "lockfileHash": "5c7dbed6",
  "browserHash": "e5770661",
  "optimized": {
    "@angular/common": {
      "src": "../../../../../../node_modules/@angular/common/fesm2022/common.mjs",
      "file": "@angular_common.js",
      "fileHash": "409116de",
      "needsInterop": false
    },
    "@angular/common/http": {
      "src": "../../../../../../node_modules/@angular/common/fesm2022/http.mjs",
      "file": "@angular_common_http.js",
      "fileHash": "6c51a316",
      "needsInterop": false
    },
    "@angular/core": {
      "src": "../../../../../../node_modules/@angular/core/fesm2022/core.mjs",
      "file": "@angular_core.js",
      "fileHash": "5f9ef10e",
      "needsInterop": false
    },
    "@angular/forms": {
      "src": "../../../../../../node_modules/@angular/forms/fesm2022/forms.mjs",
      "file": "@angular_forms.js",
      "fileHash": "33deee32",
      "needsInterop": false
    },
    "@angular/platform-browser": {
      "src": "../../../../../../node_modules/@angular/platform-browser/fesm2022/platform-browser.mjs",
      "file": "@angular_platform-browser.js",
      "fileHash": "70c4d5c8",
      "needsInterop": false
    },
    "@angular/platform-server/init": {
      "src": "../../../../../../node_modules/@angular/platform-server/fesm2022/init.mjs",
      "file": "@angular_platform-server_init.js",
      "fileHash": "733425d9",
      "needsInterop": false
    },
    "@angular/router": {
      "src": "../../../../../../node_modules/@angular/router/fesm2022/router.mjs",
      "file": "@angular_router.js",
      "fileHash": "26f41946",
      "needsInterop": false
    },
    "@angular/ssr": {
      "src": "../../../../../../node_modules/@angular/ssr/fesm2022/ssr.mjs",
      "file": "@angular_ssr.js",
      "fileHash": "d4cd0966",
      "needsInterop": false
    },
    "@angular/ssr/node": {
      "src": "../../../../../../node_modules/@angular/ssr/fesm2022/node.mjs",
      "file": "@angular_ssr_node.js",
      "fileHash": "d8fe4fa0",
      "needsInterop": false
    },
    "express": {
      "src": "../../../../../../node_modules/express/index.js",
      "file": "express.js",
      "fileHash": "46dacce4",
      "needsInterop": true
    },
    "zone.js/node": {
      "src": "../../../../../../node_modules/zone.js/fesm2015/zone-node.js",
      "file": "zone__js_node.js",
      "fileHash": "e90d9b23",
      "needsInterop": true
    }
  },
  "chunks": {
    "xhr2-WBTWOK2V": {
      "file": "xhr2-WBTWOK2V.js"
    },
    "chunk-J4R6VIEJ": {
      "file": "chunk-J4R6VIEJ.js"
    },
    "chunk-YIPEAAET": {
      "file": "chunk-YIPEAAET.js"
    },
    "chunk-YX75IECL": {
      "file": "chunk-YX75IECL.js"
    },
    "chunk-CQXSSKLN": {
      "file": "chunk-CQXSSKLN.js"
    },
    "chunk-ZZVWCXOW": {
      "file": "chunk-ZZVWCXOW.js"
    },
    "chunk-4YZHNSA6": {
      "file": "chunk-4YZHNSA6.js"
    },
    "chunk-CZ53B4YV": {
      "file": "chunk-CZ53B4YV.js"
    },
    "chunk-YHCV7DAQ": {
      "file": "chunk-YHCV7DAQ.js"
    }
  }
}