{
  "hash": "1ff9e79a",
  "configHash": "26a0f590",
  "lockfileHash": "5c7dbed6",
  "browserHash": "a40209ff",
  "optimized": {
    "@angular/common": {
      "src": "../../../../../../node_modules/@angular/common/fesm2022/common.mjs",
      "file": "@angular_common.js",
      "fileHash": "ff0083a4",
      "needsInterop": false
    },
    "@angular/common/http": {
      "src": "../../../../../../node_modules/@angular/common/fesm2022/http.mjs",
      "file": "@angular_common_http.js",
      "fileHash": "3cd47eaf",
      "needsInterop": false
    },
    "@angular/core": {
      "src": "../../../../../../node_modules/@angular/core/fesm2022/core.mjs",
      "file": "@angular_core.js",
      "fileHash": "4be756ac",
      "needsInterop": false
    },
    "@angular/forms": {
      "src": "../../../../../../node_modules/@angular/forms/fesm2022/forms.mjs",
      "file": "@angular_forms.js",
      "fileHash": "8b536770",
      "needsInterop": false
    },
    "@angular/platform-browser": {
      "src": "../../../../../../node_modules/@angular/platform-browser/fesm2022/platform-browser.mjs",
      "file": "@angular_platform-browser.js",
      "fileHash": "5e8bb794",
      "needsInterop": false
    },
    "@angular/router": {
      "src": "../../../../../../node_modules/@angular/router/fesm2022/router.mjs",
      "file": "@angular_router.js",
      "fileHash": "a4a7a863",
      "needsInterop": false
    },
    "zone.js": {
      "src": "../../../../../../node_modules/zone.js/fesm2015/zone.js",
      "file": "zone__js.js",
      "fileHash": "18c92e16",
      "needsInterop": true
    }
  },
  "chunks": {
    "chunk-Q6I33V7W": {
      "file": "chunk-Q6I33V7W.js"
    },
    "chunk-YWBOMLBY": {
      "file": "chunk-YWBOMLBY.js"
    },
    "chunk-VHSNDQRF": {
      "file": "chunk-VHSNDQRF.js"
    },
    "chunk-OPGNYZHR": {
      "file": "chunk-OPGNYZHR.js"
    },
    "chunk-Y7NS2SYH": {
      "file": "chunk-Y7NS2SYH.js"
    },
    "chunk-WDMUDEB6": {
      "file": "chunk-WDMUDEB6.js"
    }
  }
}